id,first_name,last_name,email,gender,ip_address
1,Etheline,Buzza,ebuzza0@com.com,Genderfluid,237.157.210.81
2,Bartholomeo,Izacenko,bizacenko1@mediafire.com,Male,255.255.87.212
3,Loella,Tatterton,ltatterton2@guardian.co.uk,Female,177.227.166.29
4,Kelsey,Winfield,kwinfield3@twitpic.com,Non-binary,181.45.85.41
5,Hailee,Kienl,hkienl4@studiopress.com,Female,199.177.169.197
6,Josee,Kirkman,jkirkman5@nifty.com,Female,247.95.19.233
7,Darb,Teacy,dteacy6@goodreads.com,Female,221.122.182.110
8,Niki,Jillard,njillard7@sbwire.com,Male,145.173.79.75
9,Jorrie,Bairstow,jbairstow8@blogs.com,Female,198.90.35.5
10,Phillipp,Rene,prene9@amazon.co.jp,Male,84.224.153.59
11,Sigismond,Farnfield,sfarnfielda@vistaprint.com,Male,0.65.77.124
12,Shea,Ackland,sacklandb@prweb.com,Genderfluid,48.208.18.236
13,Abran,Franzen,afranzenc@g.co,Male,111.31.119.205
14,Erina,Espinay,eespinayd@irs.gov,Female,100.86.124.21
15,Odelinda,Rouch,orouche@patch.com,Female,41.126.151.102
16,Odelia,Bonafant,obonafantf@bravesites.com,Female,27.21.217.242
17,Aharon,O'Mahoney,aomahoneyg@naver.com,Male,18.124.161.22
18,William,Rosenschein,wrosenscheinh@cpanel.net,Male,106.44.48.97
19,Glad,Vila,gvilai@baidu.com,Female,25.112.5.161
20,Margette,Wesker,mweskerj@comsenz.com,Female,73.14.47.35
21,Tish,Dohrmann,tdohrmannk@live.com,Female,150.35.47.227
22,Nobe,Doumerque,ndoumerquel@1und1.de,Male,252.56.192.50
23,Darsie,Meriton,dmeritonm@samsung.com,Female,220.177.170.221
24,Welsh,Websdale,wwebsdalen@boston.com,Male,176.100.31.217
25,Cortney,Toombes,ctoombeso@alibaba.com,Female,230.118.135.67
26,Rockie,Crampin,rcrampinp@hubpages.com,Male,81.92.228.55
27,Gilberta,London,glondonq@msu.edu,Female,112.200.156.155
28,Evin,Cundey,ecundeyr@usa.gov,Male,247.204.195.56
29,Estrellita,O' Molan,eomolans@mac.com,Female,198.228.53.70
30,Ethelin,Petrelluzzi,epetrelluzzit@apache.org,Female,149.131.71.113
31,Malynda,Rabier,mrabieru@microsoft.com,Female,154.203.29.117
32,Myrtle,Castiglione,mcastiglionev@networkadvertising.org,Female,57.34.89.73
33,Shelli,Trillow,strilloww@nymag.com,Female,43.168.24.45
34,Evvy,Cucinotta,ecucinottax@friendfeed.com,Genderfluid,85.224.222.8
35,Erasmus,Darben,edarbeny@amazonaws.com,Male,29.216.29.150
36,Sissy,Bartoleyn,sbartoleynz@pcworld.com,Female,218.150.69.172
37,Natty,Featherstonhalgh,nfeatherstonhalgh10@toplist.cz,Male,124.224.53.201
38,Lucina,Dukelow,ldukelow11@harvard.edu,Female,118.51.56.174
39,Buckie,Mulgrew,bmulgrew12@loc.gov,Male,153.90.198.214
40,Harold,Snape,hsnape13@columbia.edu,Male,219.163.122.205
41,Newton,Rigeby,nrigeby14@utexas.edu,Male,214.160.193.176
42,Fitzgerald,Garrie,fgarrie15@bbc.co.uk,Male,228.34.120.92
43,Muire,Pizzey,mpizzey16@kickstarter.com,Female,183.119.71.252
44,Idalia,Neasam,ineasam17@privacy.gov.au,Female,162.134.135.84
45,Ora,Tierny,otierny18@samsung.com,Female,76.58.244.176
46,Violetta,Tidey,vtidey19@army.mil,Female,182.124.45.22
47,Nefen,Stag,nstag1a@acquirethisname.com,Male,135.55.241.138
48,Aggy,Shilling,ashilling1b@chronoengine.com,Non-binary,192.132.176.20
49,Jared,Coltherd,jcoltherd1c@xinhuanet.com,Male,90.100.2.62
50,Laverne,Gerok,lgerok1d@samsung.com,Female,113.15.43.4
51,Maynard,Sail,msail1e@cmu.edu,Male,225.156.72.65
52,Rabi,Braddick,rbraddick1f@bluehost.com,Male,128.13.99.118
53,Bridie,Stanes,bstanes1g@elegantthemes.com,Female,161.182.209.183
54,Shaine,Navarro,snavarro1h@free.fr,Male,8.181.105.68
55,Clarence,Peggs,cpeggs1i@dailymail.co.uk,Male,3.244.82.106
56,Yuri,Zellmer,yzellmer1j@myspace.com,Male,86.41.8.125
57,Charlotta,McBlain,cmcblain1k@stumbleupon.com,Female,163.209.171.149
58,Fielding,Cambling,fcambling1l@histats.com,Male,253.170.26.134
59,Abey,Sturmey,asturmey1m@engadget.com,Non-binary,205.17.121.3
60,Skip,Leven,sleven1n@bigcartel.com,Male,202.254.219.196
61,Sampson,Calliss,scalliss1o@altervista.org,Male,181.110.185.253
62,Meade,Kingdon,mkingdon1p@fema.gov,Female,58.156.198.241
63,Dolli,MacTerlagh,dmacterlagh1q@whitehouse.gov,Female,180.53.222.74
64,Redd,Cousins,rcousins1r@photobucket.com,Male,229.226.209.81
65,Kimmie,Teal,kteal1s@cdbaby.com,Female,242.13.74.169
66,Ellette,Denyukhin,edenyukhin1t@mtv.com,Female,122.190.154.174
67,Ruthe,Birk,rbirk1u@purevolume.com,Female,108.61.6.244
68,Christine,Ivanshintsev,civanshintsev1v@who.int,Female,11.173.240.217
69,Marne,Bigrigg,mbigrigg1w@github.com,Female,203.56.130.36
70,Bethina,Emmens,bemmens1x@nytimes.com,Female,88.45.2.75
71,Philomena,de Chastelain,pdechastelain1y@posterous.com,Female,92.109.216.186
72,Lianna,Perle,lperle1z@a8.net,Female,121.212.133.71
73,Faith,Doumer,fdoumer20@ebay.com,Female,238.136.3.81
74,Bette-ann,Stanborough,bstanborough21@ow.ly,Female,108.104.15.37
75,Inge,Loughead,iloughead22@constantcontact.com,Polygender,19.127.137.69
76,Lombard,Crittal,lcrittal23@google.cn,Male,131.153.142.64
77,Allyson,Duchesne,aduchesne24@rediff.com,Female,52.105.66.108
78,Florina,Dhenin,fdhenin25@un.org,Female,81.91.141.213
79,Sam,Herreran,sherreran26@ebay.com,Male,105.12.61.217
80,Ewart,Wigginton,ewigginton27@youtube.com,Male,239.76.177.206
81,Clary,Tinmouth,ctinmouth28@slideshare.net,Female,61.251.53.205
82,Mitch,Ibeson,mibeson29@cdbaby.com,Male,93.221.35.63
83,Norrie,Cathery,ncathery2a@twitpic.com,Female,134.180.74.62
84,Truman,Clowney,tclowney2b@bloglovin.com,Male,89.10.164.75
85,Cello,Ashpole,cashpole2c@epa.gov,Male,123.95.96.202
86,Dene,Brian,dbrian2d@dot.gov,Male,183.92.4.87
87,Ciel,von Grollmann,cvongrollmann2e@engadget.com,Female,68.169.186.50
88,Merrill,Godney,mgodney2f@gov.uk,Polygender,49.144.69.120
89,Luciano,Joselevitz,ljoselevitz2g@vistaprint.com,Male,254.86.80.79
90,Callean,Joselevitz,cjoselevitz2h@microsoft.com,Male,40.63.88.231
91,Leone,Kuhn,lkuhn2i@weibo.com,Female,155.252.85.4
92,Marty,Bell,mbell2j@icio.us,Female,125.135.209.243
93,Aristotle,Mahaddy,amahaddy2k@yelp.com,Male,13.200.194.135
94,Giralda,Smitherman,gsmitherman2l@technorati.com,Female,205.206.70.117
95,Paule,Alwood,palwood2m@huffingtonpost.com,Female,174.148.96.13
96,Padgett,Breitling,pbreitling2n@paypal.com,Male,41.111.209.231
97,Blair,Sleit,bsleit2o@google.ru,Female,155.7.64.62
98,Renate,Blenkensop,rblenkensop2p@spotify.com,Female,155.239.251.143
99,Patsy,Whitehurst,pwhitehurst2q@printfriendly.com,Male,210.87.79.102
100,Annadiane,Steeples,asteeples2r@washington.edu,Female,106.253.19.200
101,Colin,Harms,charms2s@gmpg.org,Male,239.119.155.146
102,Neil,Janous,njanous2t@fotki.com,Male,62.175.118.135
103,Hunter,Wrench,hwrench2u@lulu.com,Male,165.93.130.211
104,Andria,Lessmare,alessmare2v@unesco.org,Female,207.176.117.15
105,Coralie,Ivell,civell2w@japanpost.jp,Female,99.112.76.62
106,Val,Mingey,vmingey2x@shinystat.com,Male,175.32.38.220
107,Saidee,Pesak,spesak2y@artisteer.com,Female,63.227.229.20
108,Maxie,Abdon,mabdon2z@jalbum.net,Bigender,28.6.181.9
109,Gaven,Basso,gbasso30@accuweather.com,Male,4.214.67.52
110,Fabe,Andryushin,fandryushin31@techcrunch.com,Male,31.207.37.78
111,Nataline,Bullent,nbullent32@paginegialle.it,Female,112.83.217.80
112,Ebonee,Cancellor,ecancellor33@skype.com,Female,37.31.92.156
113,Jobye,Gurys,jgurys34@barnesandnoble.com,Female,143.114.30.58
114,Celia,Ivanyutin,civanyutin35@admin.ch,Female,51.79.117.147
115,Kelbee,Cadding,kcadding36@barnesandnoble.com,Male,103.176.84.199
116,Eleanora,Olivier,eolivier37@barnesandnoble.com,Agender,232.93.248.3
117,Jordana,McCard,jmccard38@live.com,Female,77.191.6.188
118,Cynthia,Varley,cvarley39@unc.edu,Female,63.30.174.15
119,Stesha,Cordes,scordes3a@quantcast.com,Female,224.241.97.95
120,Lora,Landrean,llandrean3b@mapy.cz,Female,129.57.57.91
121,Eada,Essam,eessam3c@shop-pro.jp,Female,172.142.105.12
122,Son,Sherrington,ssherrington3d@blogtalkradio.com,Male,57.101.183.8
123,Fonsie,Drabble,fdrabble3e@vimeo.com,Non-binary,113.58.81.250
124,Sylvester,Burnhard,sburnhard3f@surveymonkey.com,Male,49.80.137.203
125,Cindy,Lunnon,clunnon3g@privacy.gov.au,Female,152.145.194.84
126,Piggy,Penwright,ppenwright3h@simplemachines.org,Polygender,206.78.239.131
127,Tedd,Mandre,tmandre3i@chicagotribune.com,Male,137.91.162.123
128,Marita,Safhill,msafhill3j@bigcartel.com,Female,52.195.27.47
129,Basilio,Measor,bmeasor3k@sogou.com,Polygender,36.120.135.54
130,Florenza,Genders,fgenders3l@shutterfly.com,Genderqueer,192.195.131.201
131,Darin,Pere,dpere3m@diigo.com,Male,33.218.50.22
132,Kippy,Girt,kgirt3n@liveinternet.ru,Male,230.193.19.47
133,Korella,Farenden,kfarenden3o@printfriendly.com,Female,124.90.116.184
134,Mortimer,Drysdell,mdrysdell3p@hud.gov,Genderfluid,208.247.226.35
135,Morganica,Othen,mothen3q@imageshack.us,Female,24.202.174.147
136,Drucill,Shropshire,dshropshire3r@merriam-webster.com,Female,6.27.103.149
137,Winfield,Shovelbottom,wshovelbottom3s@amazonaws.com,Male,169.7.120.186
138,Nannie,Thody,nthody3t@mail.ru,Female,246.122.245.233
139,Aldin,Bramstom,abramstom3u@printfriendly.com,Male,58.141.6.39
140,Kimmi,Robinet,krobinet3v@nba.com,Female,151.107.49.248
141,Annalise,Oxbe,aoxbe3w@bloglovin.com,Female,45.22.111.22
142,Lay,Sam,lsam3x@youtube.com,Male,182.128.4.234
143,Eustacia,Gleader,egleader3y@smh.com.au,Female,93.210.131.192
144,Idalina,Lygo,ilygo3z@globo.com,Female,46.197.49.20
145,Tabb,Rableau,trableau40@netvibes.com,Male,70.168.69.178
146,Zea,Gauford,zgauford41@com.com,Female,141.16.254.83
147,Carri,Bras,cbras42@ibm.com,Female,189.92.124.79
148,Gabriella,Farnes,gfarnes43@omniture.com,Female,232.172.42.214
149,Rafi,Astle,rastle44@angelfire.com,Genderqueer,156.119.162.158
150,Kirsten,Garrity,kgarrity45@etsy.com,Female,58.43.120.159
151,Bailie,Schulke,bschulke46@quantcast.com,Male,106.53.241.8
152,Jamie,Bordiss,jbordiss47@clickbank.net,Male,34.227.208.132
153,Jere,Origin,jorigin48@purevolume.com,Female,74.126.61.35
154,Haskel,Hearle,hhearle49@mozilla.com,Genderfluid,58.207.247.139
155,Mirna,Revey,mrevey4a@goo.ne.jp,Female,51.245.48.137
156,Tasha,Kopp,tkopp4b@walmart.com,Female,138.172.205.82
157,Gena,Crowhurst,gcrowhurst4c@alibaba.com,Female,193.244.134.227
158,Devina,Needham,dneedham4d@baidu.com,Female,175.169.226.101
159,Baird,Nansom,bnansom4e@fotki.com,Male,14.254.205.164
160,Minnnie,Yurocjkin,myurocjkin4f@jigsy.com,Female,171.212.247.222
161,Rosco,Ordish,rordish4g@xrea.com,Male,152.35.192.246
162,Korella,Mattersey,kmattersey4h@dion.ne.jp,Female,213.98.43.84
163,Colleen,Trump,ctrump4i@cbsnews.com,Female,27.97.199.66
164,Aldric,Lacknor,alacknor4j@zdnet.com,Male,114.142.116.66
165,Stirling,Paddemore,spaddemore4k@is.gd,Male,117.78.111.182
166,Aksel,MacMenamin,amacmenamin4l@blogger.com,Male,128.34.216.137
167,Loni,Hember,lhember4m@joomla.org,Female,124.30.162.10
168,Franciska,Arnell,farnell4n@e-recht24.de,Female,185.110.37.65
169,Der,Primmer,dprimmer4o@seesaa.net,Male,230.106.155.225
170,Colin,Leather,cleather4p@constantcontact.com,Male,71.145.206.113
171,Nata,Sandcraft,nsandcraft4q@list-manage.com,Female,104.128.44.8
172,Carmel,Pirdue,cpirdue4r@youku.com,Female,125.5.240.22
173,Nathalie,Croster,ncroster4s@dedecms.com,Female,34.56.156.177
174,Cecelia,Nutley,cnutley4t@sbwire.com,Female,55.0.173.76
175,Waldemar,Flanigan,wflanigan4u@toplist.cz,Male,39.99.207.59
176,Flo,Limbourne,flimbourne4v@imgur.com,Female,106.94.86.198
177,Marcellus,Grenkov,mgrenkov4w@google.ca,Male,114.247.224.246
178,Clarine,Britnell,cbritnell4x@tiny.cc,Female,110.109.6.93
179,Kaela,Kyffin,kkyffin4y@topsy.com,Female,165.226.45.3
180,Cord,Catenot,ccatenot4z@kickstarter.com,Male,168.96.221.131
181,Nerta,Bampkin,nbampkin50@bloomberg.com,Female,46.162.139.125
182,Arabel,Heggs,aheggs51@marketwatch.com,Female,197.94.233.69
183,Irita,Twinbourne,itwinbourne52@vkontakte.ru,Female,14.148.230.17
184,Johnna,Matyukon,jmatyukon53@purevolume.com,Female,15.103.125.250
185,Carly,Monard,cmonard54@bravesites.com,Male,44.36.175.107
186,Mahala,Hutfield,mhutfield55@weibo.com,Female,231.116.196.213
187,Deana,Semour,dsemour56@state.gov,Female,75.48.146.8
188,Val,Blodgett,vblodgett57@flavors.me,Female,31.76.93.191
189,Evelyn,Werndley,ewerndley58@merriam-webster.com,Male,30.217.216.147
190,Dorey,Phethean,dphethean59@vimeo.com,Female,65.44.9.220
191,Donall,Upjohn,dupjohn5a@weebly.com,Male,28.109.227.244
192,Elise,Blinde,eblinde5b@wikia.com,Female,221.119.45.100
193,Jenny,Buckell,jbuckell5c@cpanel.net,Female,39.26.32.126
194,Anita,Reynoldson,areynoldson5d@cyberchimps.com,Female,36.224.153.118
195,Sher,Hayford,shayford5e@auda.org.au,Female,169.182.21.224
196,Sibilla,Pepler,spepler5f@berkeley.edu,Female,92.3.154.67
197,Mordy,Franey,mfraney5g@seattletimes.com,Male,114.198.245.40
198,Laetitia,Bainbrigge,lbainbrigge5h@ftc.gov,Female,57.241.9.57
199,Dillon,Eacott,deacott5i@taobao.com,Male,29.175.43.102
200,Brocky,Yitzhakov,byitzhakov5j@weather.com,Male,221.205.219.227
201,Ora,Bollis,obollis5k@goo.gl,Female,192.190.249.88
202,Ainsley,Pragnall,apragnall5l@istockphoto.com,Non-binary,109.238.50.159
203,Deane,Caras,dcaras5m@mac.com,Bigender,55.187.108.158
204,Mozelle,Knowlman,mknowlman5n@time.com,Female,106.170.155.205
205,Adrien,Lancley,alancley5o@cnbc.com,Male,71.178.254.239
206,Cello,Labet,clabet5p@miitbeian.gov.cn,Male,90.42.96.231
207,Brew,Bordman,bbordman5q@baidu.com,Male,44.200.189.34
208,Carlita,Ransom,cransom5r@narod.ru,Female,181.27.143.238
209,Les,Dibson,ldibson5s@a8.net,Male,83.75.205.60
210,Tammie,Clay,tclay5t@marriott.com,Male,25.200.83.69
211,Meris,Lope,mlope5u@last.fm,Female,221.203.102.38
212,Maegan,Vearncombe,mvearncombe5v@smh.com.au,Female,200.230.36.157
213,Jody,Pead,jpead5w@livejournal.com,Male,197.214.217.35
214,Louis,Molohan,lmolohan5x@elpais.com,Male,82.237.151.226
215,Konstantine,Filyaev,kfilyaev5y@newsvine.com,Male,59.158.200.48
216,Angelo,Baldery,abaldery5z@artisteer.com,Male,31.45.115.221
217,Dixie,Peasey,dpeasey60@goo.gl,Female,193.253.244.186
218,Sascha,Burds,sburds61@unc.edu,Male,207.200.222.219
219,Haily,Dallywater,hdallywater62@arstechnica.com,Male,63.135.146.68
220,Hillie,Neenan,hneenan63@google.de,Male,216.112.213.50
221,Rorke,Zecchini,rzecchini64@elpais.com,Male,199.54.38.216
222,Lorene,Tripony,ltripony65@omniture.com,Female,8.56.161.60
223,Melli,Tanner,mtanner66@comsenz.com,Female,183.242.212.15
224,Fonzie,Kuban,fkuban67@opensource.org,Non-binary,102.202.29.124
225,Eryn,Urey,eurey68@behance.net,Female,49.87.131.108
226,Marja,Lewsy,mlewsy69@bizjournals.com,Female,192.32.232.29
227,Myrtice,Barnard,mbarnard6a@salon.com,Female,50.16.93.215
228,Lou,Pudan,lpudan6b@php.net,Female,243.195.19.7
229,Kelli,Povah,kpovah6c@technorati.com,Female,56.19.78.93
230,Jamal,Lafayette,jlafayette6d@irs.gov,Male,120.111.156.43
231,Beauregard,Yarnton,byarnton6e@yahoo.com,Male,90.34.149.66
232,Samuele,Whartonby,swhartonby6f@washington.edu,Male,78.240.174.235
233,Rosemaria,Gilhooley,rgilhooley6g@mozilla.org,Female,140.171.40.217
234,Brent,Boylan,bboylan6h@rambler.ru,Male,114.192.13.133
235,Karlie,Twiddy,ktwiddy6i@yale.edu,Female,218.42.222.148
236,Dewitt,Nussen,dnussen6j@bbc.co.uk,Male,66.56.200.127
237,Elspeth,Rundle,erundle6k@china.com.cn,Female,164.147.137.171
238,Allie,Penwarden,apenwarden6l@opensource.org,Genderqueer,76.126.21.47
239,Abbott,Sherwell,asherwell6m@pen.io,Male,189.207.182.84
240,Jaclyn,Valdes,jvaldes6n@posterous.com,Female,183.100.122.238
241,Korie,Furman,kfurman6o@businessweek.com,Female,212.72.233.234
242,Lenna,Maloney,lmaloney6p@artisteer.com,Female,135.20.87.207
243,Cynde,Blanpein,cblanpein6q@jimdo.com,Female,157.97.239.102
244,Mercedes,McLese,mmclese6r@reference.com,Female,178.91.134.76
245,Tamra,Beards,tbeards6s@unblog.fr,Female,56.27.96.117
246,Darbee,Slorance,dslorance6t@imdb.com,Male,58.87.104.75
247,Thadeus,Dykes,tdykes6u@free.fr,Male,184.196.130.184
248,Derwin,Leguey,dleguey6v@amazonaws.com,Genderqueer,25.48.68.185
249,Reynolds,Simek,rsimek6w@indiegogo.com,Male,39.26.6.168
250,Selma,Henningham,shenningham6x@drupal.org,Agender,160.252.145.229
251,Raeann,Vasilik,rvasilik6y@newsvine.com,Female,227.10.18.236
252,Donall,Peaker,dpeaker6z@microsoft.com,Male,88.242.241.20
253,Mark,Reddlesden,mreddlesden70@latimes.com,Male,223.115.119.57
254,Barr,Gillett,bgillett71@prweb.com,Genderfluid,94.70.182.131
255,Letti,Enriquez,lenriquez72@cornell.edu,Female,121.149.4.60
256,Nero,Atcock,natcock73@cnet.com,Male,212.188.234.42
257,Pattie,Lemmen,plemmen74@wp.com,Female,55.222.210.0
258,Carlie,Cudby,ccudby75@ezinearticles.com,Male,181.127.108.17
259,Grete,Beddie,gbeddie76@mac.com,Female,89.193.138.199
260,Ardyce,Mitkcov,amitkcov77@virginia.edu,Agender,247.162.205.26
261,Cullen,Broggelli,cbroggelli78@istockphoto.com,Male,3.168.116.91
262,Cchaddie,Blakemore,cblakemore79@hugedomains.com,Male,195.28.97.133
263,Ruddy,Daniele,rdaniele7a@stumbleupon.com,Male,215.237.166.115
264,Alexandre,Catonne,acatonne7b@vimeo.com,Male,18.37.171.181
265,Adelice,Woodbridge,awoodbridge7c@qq.com,Female,106.196.115.25
266,Carce,Sowersby,csowersby7d@pbs.org,Male,130.180.232.54
267,Jackquelin,McQuarter,jmcquarter7e@archive.org,Female,145.239.105.109
268,Cherish,Mitchenson,cmitchenson7f@guardian.co.uk,Female,201.165.148.236
269,Holly-anne,Yashaev,hyashaev7g@people.com.cn,Agender,123.54.62.232
270,Ty,Seiler,tseiler7h@wired.com,Male,117.0.86.215
271,Domingo,Glencrash,dglencrash7i@amazon.com,Male,102.18.207.1
272,Lyman,Hugnet,lhugnet7j@jalbum.net,Male,217.241.196.157
273,Cly,Pepi,cpepi7k@reuters.com,Male,8.70.208.67
274,Beret,Garaway,bgaraway7l@msn.com,Female,14.69.49.70
275,Kit,McNae,kmcnae7m@desdev.cn,Female,127.208.127.241
276,Pennie,Daintith,pdaintith7n@moonfruit.com,Female,211.178.96.136
277,Leonie,Stickels,lstickels7o@bluehost.com,Female,139.111.188.220
278,Halsy,Becket,hbecket7p@scientificamerican.com,Male,51.44.123.194
279,Benyamin,Dantesia,bdantesia7q@blinklist.com,Male,209.149.32.191
280,Jordon,Littlekit,jlittlekit7r@kickstarter.com,Male,25.213.207.139
281,Zach,Greedier,zgreedier7s@comcast.net,Male,172.144.192.175
282,Theda,Mendes,tmendes7t@vkontakte.ru,Female,16.96.207.209
283,Luelle,Wallicker,lwallicker7u@tiny.cc,Female,218.231.219.140
284,Carlo,McAree,cmcaree7v@java.com,Male,131.240.193.170
285,Wesley,Rounce,wrounce7w@cnet.com,Genderqueer,236.127.237.237
286,Charissa,Karpfen,ckarpfen7x@printfriendly.com,Female,230.233.160.61
287,Parnell,Capehorn,pcapehorn7y@apple.com,Male,236.212.234.178
288,Tiffy,Mac,tmac7z@elegantthemes.com,Female,221.19.145.39
289,Kristoffer,Greedyer,kgreedyer80@weebly.com,Bigender,19.245.120.66
290,Delilah,Lieb,dlieb81@baidu.com,Female,136.184.53.134
291,Maible,Lapenna,mlapenna82@independent.co.uk,Female,93.40.97.155
292,Celene,Dalyiel,cdalyiel83@flavors.me,Female,250.2.240.87
293,Engracia,Oldaker,eoldaker84@ucla.edu,Female,176.199.134.127
294,Jeannette,McBride,jmcbride85@macromedia.com,Agender,107.155.107.29
295,Antonella,Spelling,aspelling86@answers.com,Polygender,254.201.193.121
296,Minda,Kilrow,mkilrow87@patch.com,Female,226.130.7.173
297,Murray,Bertome,mbertome88@soundcloud.com,Male,199.63.111.229
298,Lanie,Yankishin,lyankishin89@japanpost.jp,Female,138.74.253.170
299,Orbadiah,Caile,ocaile8a@nature.com,Male,243.203.180.162
300,Kristel,Norkutt,knorkutt8b@clickbank.net,Female,77.225.80.34
301,Kristy,Jiles,kjiles8c@virginia.edu,Female,84.141.50.83
302,Cammi,Briffett,cbriffett8d@nydailynews.com,Female,207.25.21.189
303,Gillan,Rozanski,grozanski8e@tamu.edu,Female,37.185.54.74
304,Alf,Penlington,apenlington8f@networksolutions.com,Male,55.157.159.145
305,Kristen,Marking,kmarking8g@miibeian.gov.cn,Female,251.195.64.20
306,Verge,Crufts,vcrufts8h@phpbb.com,Male,202.152.235.84
307,Maynard,Grishelyov,mgrishelyov8i@yolasite.com,Male,109.100.253.43
308,Moe,Allen,mallen8j@yellowpages.com,Male,207.253.244.83
309,Keefer,Effaunt,keffaunt8k@adobe.com,Male,140.20.140.56
310,Toby,Haddington,thaddington8l@w3.org,Female,2.78.46.225
311,Vic,O'Regan,voregan8m@accuweather.com,Male,151.192.27.53
312,Friedrich,Jeromson,fjeromson8n@ucsd.edu,Male,20.155.80.20
313,Nixie,Flowith,nflowith8o@businessweek.com,Female,74.231.3.100
314,Kore,Sheed,ksheed8p@dagondesign.com,Female,85.27.40.244
315,Berk,Lorenzetti,blorenzetti8q@google.ca,Male,122.42.139.99
316,Domenico,Tinner,dtinner8r@google.com.br,Male,153.24.115.127
317,Sile,Bubeer,sbubeer8s@elegantthemes.com,Female,215.10.199.25
318,Maxy,Cicco,mcicco8t@cocolog-nifty.com,Male,104.67.99.210
319,Buddy,Muge,bmuge8u@cnn.com,Male,168.134.154.72
320,Aldric,Legges,alegges8v@google.com,Male,145.20.38.182
321,Claudian,Scholz,cscholz8w@bluehost.com,Male,139.28.81.179
322,Wilden,McConachie,wmcconachie8x@bluehost.com,Male,194.15.28.94
323,Adeline,Greensmith,agreensmith8y@thetimes.co.uk,Female,208.46.27.225
324,Cristine,Armstrong,carmstrong8z@deliciousdays.com,Female,10.119.205.255
325,Felipa,Enbury,fenbury90@wix.com,Female,80.163.171.221
326,Harrie,Chitty,hchitty91@shareasale.com,Female,178.76.136.38
327,Betsy,Breckin,bbreckin92@exblog.jp,Female,22.30.64.166
328,Valerye,Tullot,vtullot93@goo.gl,Female,187.36.197.135
329,Beth,de Courcey,bdecourcey94@seattletimes.com,Female,3.48.108.74
330,Vivyanne,McAllester,vmcallester95@google.ru,Female,148.12.115.230
331,Rafaelita,Terbrug,rterbrug96@dedecms.com,Female,29.21.208.245
332,Hildagard,Scudders,hscudders97@people.com.cn,Female,104.18.193.41
333,Emanuele,Bondley,ebondley98@bizjournals.com,Male,217.235.41.92
334,Serge,Joesbury,sjoesbury99@msu.edu,Male,115.142.185.141
335,Gerda,Attenborough,gattenborough9a@domainmarket.com,Genderqueer,52.192.90.197
336,Adoree,Sharrier,asharrier9b@java.com,Female,100.26.84.106
337,Nola,Todarini,ntodarini9c@deliciousdays.com,Female,242.215.161.199
338,Allene,Canon,acanon9d@nationalgeographic.com,Female,239.79.26.20
339,Kassie,Probetts,kprobetts9e@weibo.com,Female,44.102.176.200
340,Nobe,Swadden,nswadden9f@ezinearticles.com,Male,39.22.231.15
341,Eda,Aynscombe,eaynscombe9g@timesonline.co.uk,Female,26.231.162.201
342,Amandy,Gorger,agorger9h@cisco.com,Female,58.167.125.42
343,Wilhelmine,Hully,whully9i@patch.com,Female,127.23.207.32
344,Kirbee,Shapcote,kshapcote9j@jiathis.com,Female,81.141.66.17
345,Griffin,Dicty,gdicty9k@sakura.ne.jp,Male,169.7.51.145
346,Flor,Wasbey,fwasbey9l@answers.com,Female,45.109.136.193
347,Florentia,Patten,fpatten9m@goodreads.com,Female,38.43.30.0
348,Mayer,Bassano,mbassano9n@microsoft.com,Male,52.193.217.20
349,Rowen,Itzik,ritzik9o@google.ca,Male,88.213.164.253
350,Elisabetta,Vyvyan,evyvyan9p@wiley.com,Female,147.179.208.76
351,Tallou,Abotson,tabotson9q@adobe.com,Female,248.192.107.198
352,Ilaire,Dinnis,idinnis9r@myspace.com,Male,82.37.94.150
353,Rana,Carmel,rcarmel9s@51.la,Female,164.86.58.232
354,Aksel,Badland,abadland9t@samsung.com,Male,141.18.242.224
355,Mathew,Aimable,maimable9u@reference.com,Male,142.248.239.86
356,Leigh,Brunton,lbrunton9v@miibeian.gov.cn,Male,215.41.79.154
357,Lolita,Fields,lfields9w@samsung.com,Female,240.67.55.90
358,Any,Axby,aaxby9x@prnewswire.com,Male,255.118.178.29
359,Mela,Rilston,mrilston9y@clickbank.net,Genderqueer,87.178.172.35
360,Ellswerth,Mathonnet,emathonnet9z@creativecommons.org,Male,10.227.229.30
361,Lonnard,Durgan,ldurgana0@meetup.com,Male,78.89.16.50
362,Jerome,Zoppo,jzoppoa1@drupal.org,Male,182.145.187.99
363,Johnath,Dury,jdurya2@woothemes.com,Female,114.191.16.74
364,Finley,Shattock,fshattocka3@skyrock.com,Male,164.101.196.86
365,Osmond,Harverson,oharversona4@bluehost.com,Male,170.43.179.5
366,Jethro,Admans,jadmansa5@tinypic.com,Male,117.189.81.207
367,Darsie,Antecki,danteckia6@linkedin.com,Polygender,171.44.199.146
368,Phelia,Witherington,pwitheringtona7@seesaa.net,Female,161.250.167.173
369,Delila,Riggott,driggotta8@dedecms.com,Female,59.187.253.185
370,Noach,Grist,ngrista9@wunderground.com,Male,202.194.203.106
371,Mirelle,McNicol,mmcnicolaa@blinklist.com,Female,152.17.58.3
372,Corrine,Gritskov,cgritskovab@mashable.com,Female,71.184.92.247
373,Thornton,Whiffin,twhiffinac@ft.com,Male,205.209.170.96
374,Erhart,Lighten,elightenad@mapy.cz,Male,233.68.208.173
375,Jo,Davidman,jdavidmanae@huffingtonpost.com,Male,10.214.103.54
376,Alikee,Quarrie,aquarrieaf@ustream.tv,Female,53.186.241.47
377,Arvin,Philip,aphilipag@comcast.net,Male,229.9.225.53
378,Chelsae,Byham,cbyhamah@google.cn,Female,188.248.211.20
379,Nero,Mixter,nmixterai@europa.eu,Male,152.1.251.122
380,Anissa,Abyss,aabyssaj@marketwatch.com,Female,217.21.210.185
381,Benito,Borton,bbortonak@freewebs.com,Male,178.172.216.209
382,Sigmund,Easter,seasteral@ucla.edu,Male,116.189.188.1
383,Tybi,Thornbarrow,tthornbarrowam@google.it,Female,2.109.81.133
384,Elie,Bucke,ebuckean@odnoklassniki.ru,Female,29.100.64.114
385,Rowland,Maybey,rmaybeyao@meetup.com,Male,216.185.39.51
386,Hillel,Verlinden,hverlindenap@accuweather.com,Male,50.225.103.227
387,Felicle,Morecombe,fmorecombeaq@stumbleupon.com,Agender,206.158.234.214
388,Delcina,Bynold,dbynoldar@tamu.edu,Female,158.150.220.74
389,Waite,Spilsted,wspilstedas@marketwatch.com,Male,28.237.218.93
390,Alameda,Chritchlow,achritchlowat@csmonitor.com,Female,34.141.155.131
391,Dusty,De Morena,ddemorenaau@woothemes.com,Female,145.115.23.214
392,Jennica,Cattanach,jcattanachav@cbc.ca,Genderfluid,203.24.55.108
393,Obadiah,Cattach,ocattachaw@rambler.ru,Male,187.42.5.50
394,Ulrike,Poore,upooreax@bizjournals.com,Female,151.233.188.117
395,Rod,Beckenham,rbeckenhamay@who.int,Male,252.14.31.208
396,Marlowe,Jindracek,mjindracekaz@independent.co.uk,Male,125.50.181.58
397,Zoe,Yedall,zyedallb0@economist.com,Female,228.138.227.183
398,Sanders,Martyn,smartynb1@bravesites.com,Male,39.198.103.47
399,Maurizio,Munro,mmunrob2@yale.edu,Male,132.25.243.1
400,Dominick,Mosedall,dmosedallb3@github.io,Male,143.110.120.206
401,Elisabeth,Riddoch,eriddochb4@diigo.com,Female,200.33.249.60
402,Tarra,Weich,tweichb5@go.com,Female,177.212.58.55
403,Rene,Tollow,rtollowb6@bravesites.com,Male,118.247.67.183
404,Gerty,Carine,gcarineb7@patch.com,Female,224.179.37.172
405,Lemmy,Lenaghen,llenaghenb8@ox.ac.uk,Male,114.148.156.194
406,Nico,Grayshan,ngrayshanb9@lycos.com,Male,156.118.152.71
407,Nobie,Rainard,nrainardba@people.com.cn,Male,30.198.241.225
408,Dredi,Longmore,dlongmorebb@instagram.com,Female,104.222.87.141
409,Sauveur,Harrington,sharringtonbc@odnoklassniki.ru,Male,27.47.197.111
410,Virginie,Veltmann,vveltmannbd@printfriendly.com,Female,229.178.214.219
411,Sonja,Ravenscroft,sravenscroftbe@csmonitor.com,Polygender,195.30.55.87
412,Nicky,Garmey,ngarmeybf@slashdot.org,Female,223.200.241.45
413,Lyle,Duchenne,lduchennebg@sciencedaily.com,Male,161.10.186.238
414,Agnola,Betteson,abettesonbh@csmonitor.com,Female,150.68.74.71
415,Thedric,Mudle,tmudlebi@sphinn.com,Genderfluid,160.255.203.197
416,Alexandrina,Hefford,aheffordbj@google.nl,Female,201.68.212.118
417,Gael,Leary,glearybk@discuz.net,Male,58.91.128.184
418,Marlo,Antoons,mantoonsbl@zdnet.com,Male,181.138.152.240
419,Stanislaus,Scurry,sscurrybm@blog.com,Non-binary,106.156.234.243
420,Hoebart,Caw,hcawbn@businessweek.com,Male,199.106.211.240
421,Vale,De Beauchamp,vdebeauchampbo@google.com,Female,180.154.59.39
422,Janenna,Trevor,jtrevorbp@ifeng.com,Female,92.63.4.137
423,Beckie,Scotchbrook,bscotchbrookbq@amazonaws.com,Female,28.94.15.85
424,Junette,Paike,jpaikebr@mtv.com,Female,253.192.160.2
425,Merrie,Broadwood,mbroadwoodbs@netvibes.com,Polygender,16.19.17.16
426,Park,Bloxland,pbloxlandbt@deviantart.com,Male,45.37.251.254
427,Emmeline,Jindacek,ejindacekbu@sbwire.com,Female,219.3.168.188
428,Lesley,Clashe,lclashebv@wunderground.com,Male,69.68.52.170
429,Carlin,Neljes,cneljesbw@netlog.com,Female,156.238.215.99
430,Brynna,Berford,bberfordbx@csmonitor.com,Female,223.21.106.42
431,Shaine,Coyne,scoyneby@stumbleupon.com,Female,169.187.31.246
432,Randall,Dobey,rdobeybz@csmonitor.com,Male,229.52.35.186
433,Corliss,Smitton,csmittonc0@wunderground.com,Female,230.171.110.230
434,Tristam,Mattea,tmatteac1@deviantart.com,Male,46.103.251.72
435,Lotte,Boone,lboonec2@so-net.ne.jp,Female,120.28.186.228
436,Neile,Wrathall,nwrathallc3@whitehouse.gov,Female,96.175.93.183
437,Aggy,Jouaneton,ajouanetonc4@webs.com,Female,207.168.116.239
438,Barbe,Dunk,bdunkc5@rambler.ru,Female,218.52.79.24
439,Manuel,Paramor,mparamorc6@mysql.com,Male,92.75.221.43
440,Verney,Merredy,vmerredyc7@bandcamp.com,Male,42.115.34.64
441,Maryanna,Shoebridge,mshoebridgec8@canalblog.com,Female,182.55.72.161
442,Scarface,Calow,scalowc9@auda.org.au,Male,79.155.53.227
443,Benedikta,Gumme,bgummeca@about.me,Female,251.141.233.112
444,Bellanca,Mara,bmaracb@stumbleupon.com,Female,242.19.205.41
445,Delano,Spitaro,dspitarocc@amazon.co.uk,Male,233.35.101.72
446,Giorgi,Hanrahan,ghanrahancd@chron.com,Male,51.175.15.128
447,Alayne,Jiles,ajilesce@java.com,Genderfluid,77.168.93.11
448,Leonidas,Gaddes,lgaddescf@eepurl.com,Male,142.29.168.29
449,Lefty,Rush,lrushcg@odnoklassniki.ru,Male,169.211.58.76
450,Bridie,Zywicki,bzywickich@smugmug.com,Female,2.151.226.154
451,Maude,Colvie,mcolvieci@nih.gov,Female,61.18.98.172
452,Lizzy,Rohan,lrohancj@jalbum.net,Female,200.137.47.103
453,Anni,Cliff,acliffck@sfgate.com,Non-binary,185.185.104.152
454,Ally,Camilleri,acamillericl@barnesandnoble.com,Female,225.247.29.59
455,Jeannie,Iacovino,jiacovinocm@tinyurl.com,Bigender,152.20.131.226
456,Townsend,Rawling,trawlingcn@tripadvisor.com,Male,146.19.104.53
457,Zora,Bumford,zbumfordco@flavors.me,Polygender,70.112.216.250
458,Trixie,Mattke,tmattkecp@trellian.com,Female,187.88.23.233
459,Elvera,Cheesman,echeesmancq@freewebs.com,Female,191.228.186.229
460,Adlai,Wrigglesworth,awrigglesworthcr@biblegateway.com,Male,4.32.119.140
461,Iolanthe,Libero,iliberocs@arizona.edu,Female,66.19.237.47
462,Ogden,Da Costa,odacostact@is.gd,Male,123.182.167.253
463,Newton,Calbrathe,ncalbrathecu@tamu.edu,Male,51.3.143.32
464,Vern,Curphey,vcurpheycv@irs.gov,Male,177.11.54.65
465,Manfred,Eadmead,meadmeadcw@privacy.gov.au,Male,246.91.154.186
466,Felipa,Bowfin,fbowfincx@cbsnews.com,Female,161.84.239.173
467,Quent,Borborough,qborboroughcy@chronoengine.com,Male,170.207.202.103
468,Kiri,Dunnet,kdunnetcz@acquirethisname.com,Female,180.79.61.222
469,Kayne,Riccelli,kriccellid0@nationalgeographic.com,Male,219.167.65.50
470,Bobbye,Kneal,bkneald1@ca.gov,Female,56.151.213.163
471,Renate,Perel,rpereld2@mayoclinic.com,Female,212.92.241.54
472,Forrester,Garfit,fgarfitd3@nba.com,Male,165.113.118.190
473,Kaylee,Eger,kegerd4@wiley.com,Female,17.90.24.7
474,Adena,Filoniere,afiloniered5@oakley.com,Female,9.122.130.198
475,Neal,Burkhill,nburkhilld6@mlb.com,Male,156.9.24.199
476,Eolande,Toffoletto,etoffolettod7@ihg.com,Female,74.125.71.101
477,Brandais,Bener,bbenerd8@tripadvisor.com,Female,171.194.111.250
478,Shaun,Casone,scasoned9@examiner.com,Female,123.92.51.99
479,Gilly,Lougheed,glougheedda@blinklist.com,Female,4.195.34.229
480,Hillary,Glentz,hglentzdb@goo.ne.jp,Female,39.155.150.25
481,Antonio,Gyer,agyerdc@unicef.org,Non-binary,192.250.132.48
482,Adelaide,Creese,acreesedd@boston.com,Female,188.107.73.230
483,Des,Davidovici,ddavidovicide@feedburner.com,Male,60.209.172.218
484,Agnese,Boays,aboaysdf@bbc.co.uk,Female,254.30.157.15
485,Lita,Caddies,lcaddiesdg@ning.com,Female,228.50.56.211
486,Jo-ann,Beavan,jbeavandh@istockphoto.com,Female,249.80.136.125
487,Nanci,Ship,nshipdi@123-reg.co.uk,Genderfluid,135.112.217.19
488,Theodor,Girth,tgirthdj@disqus.com,Male,216.186.51.48
489,Cacilia,Chavey,cchaveydk@hexun.com,Female,25.87.18.44
490,Shauna,Bellsham,sbellshamdl@usda.gov,Female,103.81.164.40
491,Tally,Goalley,tgoalleydm@unblog.fr,Male,171.80.173.58
492,Gregoire,Bonehill,gbonehilldn@opensource.org,Bigender,88.146.200.54
493,Gabriele,Scardifield,gscardifielddo@economist.com,Male,70.189.110.228
494,Mariellen,Jost,mjostdp@4shared.com,Non-binary,170.36.248.2
495,Amory,Croydon,acroydondq@globo.com,Male,138.31.146.159
496,Aretha,Bellocht,abellochtdr@fc2.com,Female,36.222.234.24
497,Annissa,Grisenthwaite,agrisenthwaiteds@people.com.cn,Female,152.30.165.128
498,Waylon,Demcak,wdemcakdt@g.co,Male,100.102.193.25
499,Rafaellle,Stourton,rstourtondu@ifeng.com,Male,146.225.35.163
500,Kimberlee,Batchellor,kbatchellordv@toplist.cz,Polygender,162.253.27.90
501,Jae,Klimkov,jklimkovdw@hud.gov,Male,88.225.61.109
502,Boothe,McFadyen,bmcfadyendx@1und1.de,Polygender,47.56.7.161
503,Theodore,Smithe,tsmithedy@engadget.com,Male,23.186.15.219
504,Maryellen,Mallon,mmallondz@sphinn.com,Female,145.124.202.190
505,Hildegarde,Raven,hravene0@cnet.com,Female,199.58.40.118
506,Corty,Lehrian,clehriane1@amazon.com,Genderfluid,31.115.141.81
507,Vick,Godson,vgodsone2@narod.ru,Male,207.84.175.211
508,Jerry,Fulep,jfulepe3@deviantart.com,Male,115.99.20.71
509,Cordie,Garshore,cgarshoree4@mashable.com,Male,206.166.33.144
510,Corie,Pelerin,cpelerine5@marketwatch.com,Female,207.116.147.20
511,Templeton,Swinglehurst,tswinglehurste6@surveymonkey.com,Male,123.208.246.70
512,Kassey,Reddie,kreddiee7@umich.edu,Female,82.151.206.36
513,Marshall,Bootman,mbootmane8@moonfruit.com,Male,190.117.247.182
514,Bunni,Hiskey,bhiskeye9@1688.com,Female,111.232.146.247
515,Collen,Harle,charleea@wufoo.com,Female,234.39.86.81
516,Carri,Fearnyhough,cfearnyhougheb@mapquest.com,Female,13.188.107.237
517,Rockey,Howard - Gater,rhowardgaterec@vimeo.com,Male,124.214.165.4
518,Garnette,Gallafant,ggallafanted@illinois.edu,Female,168.25.80.234
519,Paulie,Papaccio,ppapaccioee@time.com,Female,43.55.68.69
520,Boigie,Proctor,bproctoref@people.com.cn,Male,193.26.192.121
521,Dorris,Milroy,dmilroyeg@xrea.com,Female,139.255.102.75
522,Franny,Madsen,fmadseneh@live.com,Female,66.65.94.117
523,Kaitlyn,Slowgrave,kslowgraveei@dropbox.com,Female,106.157.192.81
524,Loralie,Indge,lindgeej@dyndns.org,Female,206.9.200.123
525,Tera,Normavill,tnormavillek@vimeo.com,Female,54.102.107.209
526,Ewell,Jeves,ejevesel@fotki.com,Male,22.132.207.65
527,Cazzie,Bertomeu,cbertomeuem@alibaba.com,Male,144.192.55.128
528,Aldin,Sonschein,asonscheinen@google.co.jp,Male,178.85.169.78
529,Otis,Milkeham,omilkehameo@va.gov,Male,72.18.170.142
530,Georgie,Keam,gkeamep@infoseek.co.jp,Male,167.223.23.65
531,Mickey,Filippov,mfilippoveq@gnu.org,Male,83.187.48.197
532,Jourdain,Vallens,jvallenser@livejournal.com,Male,127.86.124.151
533,Timmy,Clohisey,tclohiseyes@ucoz.ru,Polygender,26.237.243.108
534,Monro,Cullnean,mcullneanet@nba.com,Male,3.129.221.195
535,Trisha,Donnellan,tdonnellaneu@about.com,Genderqueer,214.92.192.240
536,Cicily,Brun,cbrunev@twitter.com,Female,219.104.136.207
537,Nessie,Castelletto,ncastellettoew@so-net.ne.jp,Agender,24.78.231.173
538,Rosalyn,Rosenblatt,rrosenblattex@cnn.com,Female,210.8.38.126
539,Emmy,Harses,eharsesey@gizmodo.com,Male,28.47.105.145
540,Christoph,Pawelke,cpawelkeez@aol.com,Male,109.181.37.222
541,Jodi,Hirthe,jhirthef0@google.cn,Male,79.25.13.111
542,Hernando,Ambrozewicz,hambrozewiczf1@topsy.com,Male,224.80.126.178
543,Gonzales,Loos,gloosf2@smugmug.com,Male,34.196.211.191
544,Dagmar,Durnill,ddurnillf3@alexa.com,Polygender,3.123.23.18
545,Porty,Holbury,pholburyf4@microsoft.com,Male,107.214.178.97
546,Hugues,Esch,heschf5@parallels.com,Genderqueer,253.95.70.206
547,Darcie,Farlow,dfarlowf6@dedecms.com,Female,198.187.78.54
548,Saunders,Wigley,swigleyf7@gizmodo.com,Male,193.144.235.149
549,Odelinda,Tale,otalef8@wired.com,Female,174.141.219.132
550,Melissa,Kivell,mkivellf9@seattletimes.com,Female,77.153.13.4
551,Angelita,Dunderdale,adunderdalefa@zimbio.com,Female,106.100.118.34
552,Jonah,Valeri,jvalerifb@soundcloud.com,Male,6.208.170.45
553,Lea,Puxley,lpuxleyfc@umn.edu,Female,233.241.79.95
554,Gwendolen,Vogele,gvogelefd@issuu.com,Female,44.208.111.196
555,Clarke,Jolliffe,cjolliffefe@arstechnica.com,Male,153.249.0.30
556,Regina,Blaase,rblaaseff@admin.ch,Non-binary,96.113.76.61
557,Alana,Fausch,afauschfg@yahoo.co.jp,Non-binary,185.77.155.37
558,Skelly,Adams,sadamsfh@eepurl.com,Male,200.121.180.62
559,Ax,Bartholomieu,abartholomieufi@cbc.ca,Bigender,210.21.160.63
560,Brocky,Lamden,blamdenfj@npr.org,Male,137.116.165.14
561,Nerissa,Harly,nharlyfk@tiny.cc,Female,63.4.227.217
562,Bernhard,Larkins,blarkinsfl@ed.gov,Male,150.34.90.13
563,Tremaine,Crisell,tcrisellfm@ca.gov,Male,6.77.157.47
564,Colby,Mizen,cmizenfn@youtu.be,Male,102.225.37.4
565,Johna,Trelevan,jtrelevanfo@time.com,Female,210.66.254.3
566,Ellen,Meddows,emeddowsfp@washingtonpost.com,Female,208.218.146.51
567,Dedra,Ghiotto,dghiottofq@canalblog.com,Female,116.133.114.19
568,Wallie,Pantone,wpantonefr@de.vu,Male,82.187.27.117
569,Portia,Provost,pprovostfs@timesonline.co.uk,Female,100.150.164.28
570,Leandra,Wannes,lwannesft@skyrock.com,Female,167.164.110.96
571,Valentino,Osgerby,vosgerbyfu@uiuc.edu,Male,236.209.178.3
572,Ronna,Deniset,rdenisetfv@jiathis.com,Female,179.28.196.206
573,Rozalin,Wallentin,rwallentinfw@patch.com,Female,217.46.52.228
574,Damien,Boyet,dboyetfx@eepurl.com,Male,41.114.55.220
575,Judye,Adamo,jadamofy@symantec.com,Female,231.249.244.49
576,Sansone,Whiteside,swhitesidefz@facebook.com,Male,44.114.235.83
577,Leonard,Dearnaly,ldearnalyg0@amazon.de,Male,55.182.216.29
578,Geno,Manes,gmanesg1@upenn.edu,Male,110.191.1.14
579,Micki,De Filippi,mdefilippig2@bravesites.com,Female,192.199.194.118
580,Demetrius,Bullivent,dbulliventg3@sakura.ne.jp,Male,55.15.74.204
581,Vernor,Wurst,vwurstg4@ezinearticles.com,Male,64.4.84.223
582,Meier,Lempenny,mlempennyg5@flickr.com,Male,222.143.83.102
583,Misha,Wilde,mwildeg6@studiopress.com,Female,130.91.72.63
584,Mathe,Brekonridge,mbrekonridgeg7@mozilla.com,Male,37.60.185.95
585,Minette,Nerheny,mnerhenyg8@newyorker.com,Polygender,130.146.215.152
586,Deina,Deevey,ddeeveyg9@xinhuanet.com,Female,234.38.207.2
587,Del,Scamerden,dscamerdenga@springer.com,Male,235.78.216.102
588,Sheeree,Puzey,spuzeygb@tuttocitta.it,Female,127.175.89.242
589,Keven,Todari,ktodarigc@angelfire.com,Genderqueer,132.216.153.98
590,Jilli,Godbert,jgodbertgd@answers.com,Female,128.54.198.251
591,Mohammed,Hechlin,mhechlinge@scientificamerican.com,Male,122.7.30.94
592,Farand,Jado,fjadogf@vinaora.com,Female,44.50.127.180
593,Rae,Guilford,rguilfordgg@amazon.de,Female,127.254.211.94
594,Raychel,Streatfield,rstreatfieldgh@cdc.gov,Female,78.119.220.212
595,Farrel,Dower,fdowergi@4shared.com,Male,163.0.96.174
596,Conney,MacIllrick,cmacillrickgj@mail.ru,Non-binary,108.120.40.146
597,Glendon,Perton,gpertongk@pagesperso-orange.fr,Male,109.125.124.36
598,Joycelin,De Goey,jdegoeygl@msn.com,Female,80.74.106.188
599,Corissa,Jendrusch,cjendruschgm@bigcartel.com,Female,125.253.128.93
600,Alasteir,Covil,acovilgn@china.com.cn,Male,238.7.192.71
601,Lorrie,Winny,lwinnygo@themeforest.net,Male,251.108.83.51
602,Kathryne,Ridley,kridleygp@163.com,Female,112.240.232.99
603,Care,Gatherer,cgatherergq@bizjournals.com,Male,99.28.23.18
604,Prisca,Sidary,psidarygr@bigcartel.com,Female,203.171.216.229
605,Louis,Stracey,lstraceygs@ibm.com,Male,196.55.106.175
606,Vanya,Dunstan,vdunstangt@google.nl,Genderfluid,118.231.146.151
607,Kalvin,Haukey,khaukeygu@earthlink.net,Male,135.14.176.54
608,Brander,Charlon,bcharlongv@reference.com,Male,57.66.17.68
609,Gerladina,Sabin,gsabingw@independent.co.uk,Female,47.95.34.58
610,Kipper,Schimke,kschimkegx@nature.com,Male,186.95.53.7
611,Gabriel,Dooler,gdoolergy@cbsnews.com,Female,114.123.94.79
612,Lind,Bellson,lbellsongz@wufoo.com,Female,91.122.12.215
613,Patsy,Rope,propeh0@fotki.com,Male,203.122.42.78
614,Everett,Scown,escownh1@exblog.jp,Male,21.202.231.237
615,Drake,Estevez,destevezh2@va.gov,Male,254.160.121.18
616,Kenneth,Dalwood,kdalwoodh3@pen.io,Male,161.17.224.163
617,Anatole,Canepe,acanepeh4@so-net.ne.jp,Male,68.2.53.180
618,Chris,Hasselby,chasselbyh5@opensource.org,Polygender,142.249.177.4
619,Lin,Petriello,lpetrielloh6@i2i.jp,Non-binary,68.31.202.77
620,Herman,Parrington,hparringtonh7@goodreads.com,Male,86.57.136.114
621,Mallissa,Mielnik,mmielnikh8@japanpost.jp,Female,98.185.191.215
622,Raleigh,Luc,rluch9@tripadvisor.com,Male,148.138.60.254
623,Allyson,Cumo,acumoha@shutterfly.com,Genderfluid,171.209.95.111
624,Aldridge,Darte,adartehb@google.com.br,Male,249.79.213.95
625,Antone,Lismore,alismorehc@typepad.com,Male,205.95.253.199
626,Theresa,Weadick,tweadickhd@marriott.com,Female,87.146.175.46
627,Reilly,Marty,rmartyhe@whitehouse.gov,Male,44.230.101.152
628,Roze,Wannell,rwannellhf@symantec.com,Female,32.241.202.214
629,Chev,Betje,cbetjehg@ihg.com,Male,186.248.29.30
630,Maisey,Seakes,mseakeshh@opensource.org,Female,194.197.181.150
631,Lauryn,Goulter,lgoulterhi@oaic.gov.au,Female,48.68.179.5
632,Celestyna,Skeermor,cskeermorhj@comcast.net,Genderqueer,59.252.213.177
633,Joseph,Wyness,jwynesshk@reuters.com,Male,203.41.41.104
634,Tedd,Westfield,twestfieldhl@fotki.com,Male,234.143.188.49
635,Sybilla,Nisius,snisiushm@youtu.be,Polygender,230.158.47.29
636,Daffie,Polkinghorne,dpolkinghornehn@moonfruit.com,Female,57.57.117.100
637,Tanya,Brockherst,tbrockherstho@chicagotribune.com,Genderqueer,92.30.108.79
638,Marlo,Cowen,mcowenhp@time.com,Male,18.52.93.246
639,Leonid,Hatz,lhatzhq@reference.com,Genderfluid,213.230.7.179
640,Patrizia,Toxell,ptoxellhr@dot.gov,Female,196.200.193.179
641,Guillema,Leadbetter,gleadbetterhs@nydailynews.com,Female,150.181.201.159
642,Godart,Cavanagh,gcavanaghht@nationalgeographic.com,Non-binary,94.201.69.47
643,Hyacinthie,Dundridge,hdundridgehu@dmoz.org,Female,155.130.226.131
644,Reagan,Yezafovich,ryezafovichhv@china.com.cn,Male,186.8.223.80
645,Leola,Franzonetti,lfranzonettihw@washingtonpost.com,Female,189.130.215.170
646,Adriano,Wakelam,awakelamhx@list-manage.com,Male,157.73.253.209
647,Horace,Jardein,hjardeinhy@apple.com,Male,128.79.154.245
648,Fons,Baughn,fbaughnhz@flavors.me,Male,192.31.98.2
649,Keelby,Giamuzzo,kgiamuzzoi0@reuters.com,Male,198.39.13.243
650,Noak,Wicklin,nwicklini1@about.com,Male,156.219.242.157
651,Malva,Willatt,mwillatti2@simplemachines.org,Female,149.27.70.166
652,Randell,Arkley,rarkleyi3@github.com,Male,207.204.246.106
653,Juan,Espinay,jespinayi4@howstuffworks.com,Male,68.147.21.121
654,Dyann,Crone,dcronei5@simplemachines.org,Female,24.226.151.235
655,Izzy,Jakubovsky,ijakubovskyi6@discuz.net,Male,15.106.254.154
656,Orland,McSharry,omcsharryi7@huffingtonpost.com,Male,210.246.220.24
657,Martica,Dielhenn,mdielhenni8@bloglines.com,Female,255.98.29.20
658,Sydel,Fairbairn,sfairbairni9@multiply.com,Female,221.117.7.7
659,Newton,Thornley,nthornleyia@gmpg.org,Male,2.149.63.56
660,Glenden,Baraja,gbarajaib@sciencedaily.com,Male,69.89.49.252
661,Batholomew,Lello,blelloic@un.org,Male,210.49.155.144
662,Merline,Cooke,mcookeid@va.gov,Female,239.252.222.113
663,Nickolai,Cornilli,ncornilliie@gravatar.com,Male,167.81.131.234
664,Desi,Reignould,dreignouldif@angelfire.com,Male,11.234.23.6
665,Port,Patise,ppatiseig@nytimes.com,Male,91.238.22.70
666,Marlowe,Nodin,mnodinih@shinystat.com,Male,221.37.52.95
667,Brockie,Capelle,bcapelleii@1688.com,Non-binary,151.24.194.166
668,Nolana,Stoyell,nstoyellij@qq.com,Female,5.146.130.2
669,Octavia,Santori,osantoriik@stanford.edu,Female,88.39.17.62
670,Brockie,Sevior,bsevioril@parallels.com,Male,162.153.85.46
671,Kilian,Skein,kskeinim@google.co.uk,Bigender,247.226.40.112
672,Marvin,Chatelain,mchatelainin@yahoo.com,Genderfluid,95.240.54.61
673,Jacquette,Rollingson,jrollingsonio@ibm.com,Female,136.97.220.120
674,Angelo,Rosenfrucht,arosenfruchtip@wix.com,Male,43.167.214.122
675,Angus,Porte,aporteiq@bloglines.com,Male,154.26.124.119
676,Wyatt,Loines,wloinesir@ox.ac.uk,Non-binary,130.159.246.210
677,Pace,Sivills,psivillsis@elpais.com,Male,73.170.138.156
678,Lancelot,Mellers,lmellersit@cnn.com,Polygender,6.71.7.133
679,Corby,Brewis,cbrewisiu@shop-pro.jp,Male,171.120.213.248
680,Son,Kaman,skamaniv@ehow.com,Male,156.228.182.123
681,Verney,Tunbridge,vtunbridgeiw@photobucket.com,Male,246.177.193.91
682,Yoshiko,Tissington,ytissingtonix@ebay.com,Female,100.58.101.8
683,Arliene,Hallmark,ahallmarkiy@shareasale.com,Female,63.225.47.131
684,Ophelia,Humm,ohummiz@w3.org,Female,31.238.195.118
685,Chloette,Faraker,cfarakerj0@tripod.com,Female,20.193.184.111
686,Creigh,Longmire,clongmirej1@baidu.com,Male,183.229.162.203
687,Pearl,Heigho,pheighoj2@blogger.com,Female,4.63.110.18
688,Forest,Gianulli,fgianullij3@spotify.com,Male,43.165.97.128
689,Clive,Cunningham,ccunninghamj4@skyrock.com,Male,14.35.82.255
690,Carrie,Ygo,cygoj5@etsy.com,Female,61.83.118.117
691,Shayne,Diss,sdissj6@ca.gov,Female,200.90.120.149
692,Bebe,Setterfield,bsetterfieldj7@vk.com,Bigender,93.52.105.221
693,Isaac,Dicty,idictyj8@woothemes.com,Male,181.187.118.37
694,Etan,Ferne,efernej9@cnet.com,Male,2.182.38.213
695,Evy,Vosper,evosperja@chronoengine.com,Female,154.70.232.48
696,Rosina,Matuszewski,rmatuszewskijb@discuz.net,Female,160.3.102.165
697,Brocky,Ketts,bkettsjc@homestead.com,Male,80.53.189.54
698,Quent,Jakaway,qjakawayjd@sakura.ne.jp,Male,225.239.10.29
699,Dyana,Gowar,dgowarje@mit.edu,Female,134.80.22.236
700,Dukie,Cumbes,dcumbesjf@yellowpages.com,Male,85.35.118.33
701,Papagena,De Freyne,pdefreynejg@123-reg.co.uk,Female,82.4.0.44
702,Dione,Wayt,dwaytjh@hhs.gov,Female,235.97.249.84
703,Catherin,Garrood,cgarroodji@barnesandnoble.com,Female,49.168.72.104
704,Gunar,Parton,gpartonjj@com.com,Male,5.120.6.226
705,Maison,Pozzi,mpozzijk@nbcnews.com,Genderfluid,180.197.59.102
706,Naomi,Glaserman,nglasermanjl@mapquest.com,Female,161.191.5.188
707,Miller,Haverson,mhaversonjm@nba.com,Male,229.71.106.79
708,Uriel,Plose,uplosejn@sfgate.com,Male,54.27.89.194
709,Johannes,Zucker,jzuckerjo@nytimes.com,Male,246.180.162.126
710,Ulberto,Battyll,ubattylljp@paginegialle.it,Male,109.254.88.97
711,Beatriz,Hakes,bhakesjq@networksolutions.com,Female,71.85.243.243
712,Nikki,Plowell,nplowelljr@businesswire.com,Male,66.97.201.73
713,Aridatha,Liver,aliverjs@privacy.gov.au,Female,139.202.191.64
714,Lynnett,Borghese,lborghesejt@indiatimes.com,Female,91.167.208.80
715,Rem,Paintain,rpaintainju@reference.com,Male,166.254.27.68
716,Johannes,Lucian,jlucianjv@wikipedia.org,Male,227.141.244.108
717,Margo,Stobbart,mstobbartjw@theguardian.com,Polygender,126.137.154.145
718,Evvy,Lanchberry,elanchberryjx@is.gd,Female,220.53.44.77
719,Vilma,Inkster,vinksterjy@samsung.com,Female,27.139.146.135
720,Tansy,Le Floch,tleflochjz@angelfire.com,Female,205.246.152.48
721,Monica,Lotze,mlotzek0@smh.com.au,Female,71.191.170.95
722,Orin,Malter,omalterk1@hp.com,Male,151.13.236.121
723,Neils,Klimt,nklimtk2@jigsy.com,Male,65.77.99.158
724,Town,Petrovsky,tpetrovskyk3@edublogs.org,Male,68.140.55.255
725,Yorker,Orcas,yorcask4@google.de,Male,175.88.73.69
726,Lyon,Order,lorderk5@addtoany.com,Male,120.218.83.184
727,Jonis,Wilcinskis,jwilcinskisk6@usatoday.com,Female,254.137.255.27
728,Griffin,Wheadon,gwheadonk7@ebay.co.uk,Male,201.87.255.153
729,Shae,Remmer,sremmerk8@rambler.ru,Female,59.219.6.10
730,Gwendolyn,Maps,gmapsk9@princeton.edu,Female,33.71.122.202
731,Tate,Jirka,tjirkaka@cdbaby.com,Male,162.9.77.205
732,Ingram,Patrickson,ipatricksonkb@cam.ac.uk,Male,31.105.244.246
733,Aggie,Curner,acurnerkc@tripod.com,Female,73.93.77.34
734,Mortie,Claw,mclawkd@army.mil,Male,60.42.169.17
735,Sonny,Elvin,selvinke@yelp.com,Male,210.204.229.4
736,Ardis,Bernhardi,abernhardikf@artisteer.com,Female,158.79.75.42
737,Thorny,Finnimore,tfinnimorekg@fastcompany.com,Male,125.26.162.164
738,Verge,Taylo,vtaylokh@xinhuanet.com,Male,254.155.204.123
739,Luce,Baudinot,lbaudinotki@cmu.edu,Male,190.218.134.132
740,Lilah,Cholwell,lcholwellkj@g.co,Female,205.234.171.201
741,Benny,Oldacre,boldacrekk@a8.net,Genderqueer,102.203.146.80
742,Etienne,Olivas,eolivaskl@opensource.org,Genderfluid,27.43.52.52
743,Luke,Vecard,lvecardkm@msu.edu,Male,109.216.158.12
744,Umeko,Yegorkin,uyegorkinkn@google.ru,Female,56.101.21.94
745,Margette,Dooland,mdoolandko@spotify.com,Female,16.105.58.179
746,Niall,Gilbride,ngilbridekp@bing.com,Male,26.88.7.1
747,Carrie,Ree,creekq@bizjournals.com,Female,185.165.114.46
748,Austina,Canning,acanningkr@unesco.org,Female,157.87.59.131
749,Christie,Fennell,cfennellks@utexas.edu,Genderfluid,53.204.218.25
750,Carlita,Sorsby,csorsbykt@census.gov,Female,221.85.56.175
751,Berti,Minocchi,bminocchiku@ft.com,Male,201.233.76.208
752,Helaina,Roderham,hroderhamkv@about.me,Female,215.56.118.119
753,Flem,Margarson,fmargarsonkw@amazon.co.jp,Male,109.101.112.167
754,Kakalina,Jukes,kjukeskx@tamu.edu,Female,115.221.1.57
755,Hank,Shelley,hshelleyky@ehow.com,Male,214.62.137.216
756,Leonhard,O'Mara,lomarakz@msn.com,Male,53.24.207.237
757,Heath,Pagin,hpaginl0@auda.org.au,Male,66.205.14.128
758,Jarib,Weiss,jweissl1@bizjournals.com,Male,82.142.50.22
759,Prissie,Jinkinson,pjinkinsonl2@tinypic.com,Female,80.73.35.46
760,Vick,Lepope,vlepopel3@sourceforge.net,Non-binary,3.97.53.10
761,Mic,McCue,mmccuel4@usatoday.com,Male,163.107.255.184
762,Hermina,Guitte,hguittel5@soup.io,Female,62.61.190.2
763,Mathew,Bayliss,mbaylissl6@eventbrite.com,Male,23.91.110.81
764,Raeann,Abrahams,rabrahamsl7@skype.com,Female,122.113.92.43
765,Ramonda,Vido,rvidol8@bravesites.com,Female,147.246.40.41
766,Sashenka,Greenrde,sgreenrdel9@pbs.org,Female,76.251.56.46
767,Balduin,Summerbell,bsummerbellla@narod.ru,Male,116.135.62.223
768,Myriam,Hinkins,mhinkinslb@people.com.cn,Female,203.137.135.119
769,Barry,Gumby,bgumbylc@163.com,Male,187.228.81.69
770,Stillmann,Halson,shalsonld@skype.com,Non-binary,91.156.79.95
771,Bearnard,Earry,bearryle@go.com,Male,73.190.67.42
772,Dallis,Pietruschka,dpietruschkalf@prnewswire.com,Male,251.1.190.123
773,Jocelyn,Gumbley,jgumbleylg@lycos.com,Female,252.219.58.206
774,Temp,Brannigan,tbranniganlh@ehow.com,Male,69.97.226.44
775,Spence,Kybbye,skybbyeli@apache.org,Bigender,46.162.119.64
776,Vitia,Warbrick,vwarbricklj@princeton.edu,Female,183.118.157.162
777,Ranice,Dunsleve,rdunslevelk@shareasale.com,Female,73.161.230.62
778,Sandi,Walster,swalsterll@soundcloud.com,Female,142.59.68.153
779,Belia,Walding,bwaldinglm@samsung.com,Female,176.122.75.147
780,Rooney,Turneux,rturneuxln@meetup.com,Male,108.159.33.245
781,Deanna,Prickett,dprickettlo@dailymail.co.uk,Female,225.244.59.92
782,Winn,Barkhouse,wbarkhouselp@msu.edu,Male,223.219.95.78
783,Augusto,Shorten,ashortenlq@answers.com,Male,227.111.20.132
784,Rozele,Clemencon,rclemenconlr@wired.com,Polygender,6.161.228.78
785,Gwynne,Ferdinand,gferdinandls@people.com.cn,Female,19.102.211.113
786,Jessica,Pires,jpireslt@wix.com,Female,164.64.122.59
787,Horatius,Masic,hmasiclu@about.com,Male,83.144.208.106
788,Torrance,Halston,thalstonlv@1und1.de,Genderfluid,58.12.36.68
789,Findley,Duddell,fduddelllw@sfgate.com,Male,92.51.66.136
790,Ina,MacGiffin,imacgiffinlx@over-blog.com,Female,232.108.17.152
791,Barbaraanne,Gouldthorpe,bgouldthorpely@unc.edu,Female,215.212.236.140
792,Maudie,Sprionghall,msprionghalllz@adobe.com,Female,189.114.20.2
793,Clementius,Flicker,cflickerm0@desdev.cn,Male,234.147.84.89
794,Malory,Bucktharp,mbucktharpm1@yahoo.com,Female,32.101.59.220
795,Everett,Ghiroldi,eghiroldim2@t.co,Male,82.167.88.127
796,Brendis,Jellard,bjellardm3@ning.com,Male,124.209.179.103
797,Alwin,Orpyne,aorpynem4@tinyurl.com,Male,136.105.1.224
798,Richardo,Lord,rlordm5@patch.com,Non-binary,112.129.17.66
799,Alidia,McNiven,amcnivenm6@mashable.com,Female,236.80.161.91
800,Luci,Densun,ldensunm7@mlb.com,Female,204.18.56.254
801,Corena,Mathes,cmathesm8@sohu.com,Female,125.98.190.253
802,Noelyn,Pischel,npischelm9@w3.org,Polygender,172.214.86.176
803,Hastings,MacGiffin,hmacgiffinma@smh.com.au,Male,140.146.92.251
804,Ronica,Schimank,rschimankmb@instagram.com,Female,7.99.114.245
805,Earl,Lindbergh,elindberghmc@bbc.co.uk,Male,198.106.197.47
806,Percival,Plank,pplankmd@geocities.jp,Male,86.120.240.114
807,Lotta,Mersey,lmerseyme@tamu.edu,Female,220.45.220.124
808,Mireille,Crimpe,mcrimpemf@geocities.com,Female,236.43.237.53
809,Sarena,Velte,sveltemg@godaddy.com,Female,174.103.190.247
810,Marcellus,Dempsey,mdempseymh@csmonitor.com,Male,160.40.100.3
811,Karney,Samudio,ksamudiomi@umn.edu,Male,100.229.212.66
812,Darelle,McCowan,dmccowanmj@skyrock.com,Bigender,23.181.52.157
813,Mame,Forsyth,mforsythmk@woothemes.com,Female,178.139.143.169
814,Aeriell,Doelle,adoelleml@blogspot.com,Female,54.236.84.113
815,Laverne,Tremmil,ltremmilmm@ustream.tv,Female,230.252.154.237
816,Fleming,O'Kynsillaghe,fokynsillaghemn@godaddy.com,Male,153.45.190.230
817,Jermaine,Vyvyan,jvyvyanmo@google.co.uk,Male,71.213.155.18
818,Suzie,Peasee,speaseemp@e-recht24.de,Female,138.6.99.59
819,Louie,Bowton,lbowtonmq@nhs.uk,Male,64.246.125.123
820,Tremayne,Clair,tclairmr@google.cn,Male,117.240.39.124
821,Adeline,Greetland,agreetlandms@timesonline.co.uk,Female,26.161.233.19
822,Demetris,Arnaudon,darnaudonmt@narod.ru,Female,190.91.133.31
823,Lester,Dwane,ldwanemu@npr.org,Genderfluid,54.140.209.10
824,Arnaldo,Houndsom,ahoundsommv@cornell.edu,Male,216.138.63.149
825,Liz,Shadwick,lshadwickmw@un.org,Female,241.196.193.150
826,Catina,Bedson,cbedsonmx@goodreads.com,Female,94.237.151.114
827,Dougy,Jerrome,djerromemy@vk.com,Male,19.186.38.77
828,Ashien,Knewstub,aknewstubmz@photobucket.com,Female,115.15.63.134
829,Kore,Hopfner,khopfnern0@yandex.ru,Female,54.219.45.116
830,Hyacinth,Grigori,hgrigorin1@sohu.com,Female,6.213.67.28
831,Abeu,Cammiemile,acammiemilen2@nydailynews.com,Male,85.113.211.22
832,Merwin,Ruddy,mruddyn3@canalblog.com,Male,137.133.138.232
833,Sunshine,Folker,sfolkern4@xinhuanet.com,Female,230.153.196.199
834,Delmar,Kyme,dkymen5@ebay.com,Male,33.132.13.128
835,Ashley,Ellams,aellamsn6@symantec.com,Female,9.64.190.99
836,Marlin,Cream,mcreamn7@telegraph.co.uk,Male,37.232.109.103
837,Hermann,Comello,hcomellon8@senate.gov,Male,18.149.58.182
838,Edee,Blackwood,eblackwoodn9@wufoo.com,Female,77.54.74.124
839,Kiele,Hindge,khindgena@360.cn,Female,185.32.181.235
840,Merrielle,Blinerman,mblinermannb@vimeo.com,Female,78.85.6.92
841,Mattheus,Di Domenico,mdidomeniconc@prnewswire.com,Male,142.145.72.211
842,Neille,Bunnell,nbunnellnd@delicious.com,Female,38.246.58.243
843,Audrey,Hawtrey,ahawtreyne@twitpic.com,Female,184.3.28.167
844,Jedidiah,Legat,jlegatnf@exblog.jp,Male,52.23.190.141
845,Rourke,Bariball,rbariballng@ebay.co.uk,Male,104.59.66.114
846,Aurelea,Boobyer,aboobyernh@disqus.com,Female,240.81.235.99
847,Dew,Amer,damerni@ustream.tv,Male,27.150.95.223
848,Xerxes,Mc Comb,xmccombnj@google.fr,Male,41.200.145.12
849,Fallon,Dilger,fdilgernk@ed.gov,Female,245.194.136.83
850,Leif,Goldson,lgoldsonnl@redcross.org,Male,124.32.205.233
851,Benedikt,McGaughay,bmcgaughaynm@independent.co.uk,Male,71.29.152.46
852,Desmond,Pentony,dpentonynn@senate.gov,Male,1.223.162.221
853,Garv,Nerney,gnerneyno@rakuten.co.jp,Male,177.230.230.11
854,Mellisent,Friedlos,mfriedlosnp@epa.gov,Female,218.199.149.158
855,Alric,Tatteshall,atatteshallnq@businessinsider.com,Male,171.11.222.15
856,Jakob,Bielefeld,jbielefeldnr@creativecommons.org,Male,166.30.11.253
857,Delora,Inworth,dinworthns@wikipedia.org,Female,76.74.70.144
858,Reidar,Goligly,rgoliglynt@nasa.gov,Male,10.82.201.111
859,Nelia,de Najera,ndenajeranu@liveinternet.ru,Female,148.199.150.102
860,Shirley,Terrey,sterreynv@eventbrite.com,Female,15.203.149.11
861,Rosemaria,De'Ath,rdeathnw@devhub.com,Female,146.93.162.229
862,Osborne,McNee,omcneenx@oaic.gov.au,Male,125.205.100.12
863,Ingar,Ussher,iussherny@homestead.com,Male,216.91.155.117
864,Blondell,Henrique,bhenriquenz@goo.ne.jp,Female,195.114.183.196
865,Lesli,Mardoll,lmardollo0@senate.gov,Female,114.55.39.161
866,Aggi,Della Scala,adellascalao1@howstuffworks.com,Female,183.238.120.27
867,Alejandro,Orta,aortao2@t-online.de,Male,37.246.193.70
868,Kendra,Chesterfield,kchesterfieldo3@alexa.com,Female,197.24.229.56
869,Rodie,Sanpere,rsanpereo4@comsenz.com,Female,229.36.33.229
870,Gregg,Futter,gfuttero5@skype.com,Male,178.171.208.43
871,Roselin,Parkhouse,rparkhouseo6@oaic.gov.au,Female,224.188.50.63
872,Maritsa,Yegorkov,myegorkovo7@usda.gov,Female,81.54.86.238
873,Daria,Haccleton,dhaccletono8@spotify.com,Female,52.114.91.102
874,Farrell,Habgood,fhabgoodo9@studiopress.com,Male,223.185.235.169
875,Reube,Beyer,rbeyeroa@telegraph.co.uk,Male,3.27.27.221
876,Zedekiah,Ivanenko,zivanenkoob@wsj.com,Male,248.166.8.123
877,Alfy,Stollenhof,astollenhofoc@ox.ac.uk,Male,240.101.141.220
878,Eliot,Woodland,ewoodlandod@ucoz.com,Male,92.56.49.61
879,Patrick,Leare,pleareoe@vistaprint.com,Male,51.140.178.13
880,Lynna,Barrar,lbarrarof@slideshare.net,Female,109.13.130.15
881,Maxwell,Geddes,mgeddesog@usa.gov,Male,58.148.55.222
882,Kalvin,Lockart,klockartoh@addtoany.com,Male,69.41.31.189
883,Marcus,Smallridge,msmallridgeoi@geocities.com,Male,55.165.225.238
884,Bella,Waterdrinker,bwaterdrinkeroj@woothemes.com,Female,140.3.41.129
885,Henri,Bloomfield,hbloomfieldok@pinterest.com,Male,200.205.133.203
886,Donaugh,Zolini,dzoliniol@php.net,Agender,181.59.206.223
887,Sofia,Robjents,srobjentsom@bbb.org,Female,245.121.250.164
888,Gun,Millsom,gmillsomon@networksolutions.com,Male,250.13.242.235
889,Oliy,Rojel,orojeloo@jugem.jp,Female,43.67.223.100
890,Jessalyn,Curm,jcurmop@japanpost.jp,Female,209.254.169.112
891,Heywood,Briand,hbriandoq@dedecms.com,Male,48.157.60.2
892,Bentlee,Khristoforov,bkhristoforovor@harvard.edu,Male,164.218.210.156
893,Dallas,Chastey,dchasteyos@typepad.com,Male,63.241.49.238
894,Glendon,Bonhill,gbonhillot@virginia.edu,Male,167.148.241.185
895,Johannah,Bold,jboldou@delicious.com,Female,238.66.85.208
896,Basilius,Pound,bpoundov@cyberchimps.com,Male,192.142.72.68
897,Joni,Widdicombe,jwiddicombeow@live.com,Female,73.50.162.62
898,Brandy,Kauble,bkaubleox@cmu.edu,Female,253.175.174.235
899,Adey,Preddy,apreddyoy@edublogs.org,Female,181.62.11.111
900,Jacquelyn,Course,jcourseoz@disqus.com,Female,162.5.29.199
901,Gabriella,Hawkeswood,ghawkeswoodp0@topsy.com,Female,86.166.106.8
902,Fifi,Humpatch,fhumpatchp1@imgur.com,Female,105.27.242.95
903,Bengt,Orht,borhtp2@cornell.edu,Male,167.49.24.50
904,Hesther,Spillett,hspillettp3@networksolutions.com,Female,54.186.227.166
905,Nadya,Retallack,nretallackp4@europa.eu,Agender,202.145.123.181
906,Elianora,Riteley,eriteleyp5@tamu.edu,Female,146.83.96.53
907,Giovanni,Gurwood,ggurwoodp6@tiny.cc,Male,254.143.220.95
908,Adara,Goodhew,agoodhewp7@1688.com,Female,196.43.9.1
909,Hermon,Volett,hvolettp8@diigo.com,Male,68.167.38.88
910,Catherina,Wilkenson,cwilkensonp9@biblegateway.com,Female,17.226.159.203
911,Sanderson,Bellchamber,sbellchamberpa@sitemeter.com,Male,247.32.123.68
912,Mozelle,Birtle,mbirtlepb@altervista.org,Female,198.10.253.202
913,Dela,Twinbourne,dtwinbournepc@wired.com,Female,100.11.131.213
914,Rahel,Renac,rrenacpd@alibaba.com,Female,2.92.193.99
915,Stacey,Muat,smuatpe@cbslocal.com,Female,56.149.96.161
916,Ginnifer,McClements,gmcclementspf@foxnews.com,Genderqueer,20.135.58.160
917,Annabel,Schaben,aschabenpg@princeton.edu,Female,169.223.3.235
918,Roi,Dufaire,rdufaireph@unblog.fr,Male,205.229.40.40
919,Darnall,Jeckells,djeckellspi@wunderground.com,Male,167.245.46.142
920,Chad,Kiss,ckisspj@slideshare.net,Female,133.69.238.235
921,Zonda,Tague,ztaguepk@cdbaby.com,Female,212.142.2.62
922,Stanfield,Hadeke,shadekepl@ftc.gov,Male,127.71.9.155
923,Joachim,Zywicki,jzywickipm@intel.com,Male,51.130.220.194
924,Bernadene,Scarbarrow,bscarbarrowpn@blog.com,Female,186.172.193.65
925,Pauly,Dunge,pdungepo@squidoo.com,Male,73.221.155.23
926,Malina,Funcheon,mfuncheonpp@house.gov,Female,99.78.112.66
927,Hollis,Creed,hcreedpq@is.gd,Male,185.132.105.10
928,Claudine,Canter,ccanterpr@accuweather.com,Female,239.174.117.15
929,Neale,Wildber,nwildberps@bing.com,Male,144.237.139.65
930,Syd,Aulds,sauldspt@sourceforge.net,Genderqueer,199.123.81.58
931,Aurlie,Conen,aconenpu@cbc.ca,Female,239.88.243.211
932,Rozalin,Eglaise,reglaisepv@163.com,Female,14.247.218.36
933,Marika,Lampart,mlampartpw@wikimedia.org,Female,58.53.42.91
934,Patrice,Stayt,pstaytpx@whitehouse.gov,Female,146.13.24.240
935,Beale,Mewis,bmewispy@theglobeandmail.com,Male,206.247.176.104
936,Pepe,Gounel,pgounelpz@scientificamerican.com,Male,68.166.105.195
937,Savina,Orpin,sorpinq0@epa.gov,Female,139.127.129.2
938,Clem,Jeff,cjeffq1@wufoo.com,Male,174.18.14.194
939,Reinwald,Neubigin,rneubiginq2@yellowbook.com,Non-binary,107.20.0.114
940,Binny,Blanc,bblancq3@oakley.com,Female,208.182.1.214
941,Russ,Northall,rnorthallq4@gov.uk,Genderfluid,34.183.255.208
942,Kipp,Braffington,kbraffingtonq5@smugmug.com,Male,247.11.87.85
943,Caty,Deegin,cdeeginq6@geocities.com,Female,71.124.23.4
944,George,Spowart,gspowartq7@google.de,Male,180.100.205.110
945,Florina,Ballard,fballardq8@reddit.com,Female,231.133.222.132
946,Cristian,Patchett,cpatchettq9@imgur.com,Male,98.148.69.58
947,Ermengarde,Pesik,epesikqa@youtube.com,Female,95.52.241.135
948,Udell,Heeps,uheepsqb@fda.gov,Male,163.26.102.200
949,Sammy,Woosnam,swoosnamqc@twitter.com,Male,101.95.248.162
950,Trumaine,Banat,tbanatqd@seesaa.net,Male,75.7.169.58
951,Saraann,Baude,sbaudeqe@stumbleupon.com,Female,7.32.155.35
952,Corby,Crosskell,ccrosskellqf@youtu.be,Male,70.13.200.132
953,Wat,Jasik,wjasikqg@fc2.com,Male,159.92.45.201
954,Pamela,Delaney,pdelaneyqh@time.com,Female,10.3.40.174
955,Flynn,Eskriett,feskriettqi@forbes.com,Male,144.113.53.147
956,Trixi,Batstone,tbatstoneqj@cbsnews.com,Female,25.188.190.92
957,Shirl,Vernazza,svernazzaqk@pcworld.com,Female,3.57.195.176
958,Allsun,Beteriss,abeterissql@yandex.ru,Female,132.134.68.63
959,Immanuel,Burdin,iburdinqm@epa.gov,Male,76.180.137.83
960,Carolin,Readmire,creadmireqn@prnewswire.com,Female,142.35.181.28
961,Dody,Dunsmuir,ddunsmuirqo@blinklist.com,Female,148.173.129.219
962,Beverlie,Howle,bhowleqp@loc.gov,Female,101.205.183.129
963,Theressa,Dumpleton,tdumpletonqq@weibo.com,Female,142.231.174.175
964,Hedwig,Woolward,hwoolwardqr@telegraph.co.uk,Female,226.154.168.115
965,Patten,Pharro,ppharroqs@senate.gov,Male,20.147.199.120
966,Ellsworth,Hingeley,ehingeleyqt@mtv.com,Male,109.114.241.166
967,Rikki,Cavendish,rcavendishqu@symantec.com,Male,202.182.209.181
968,Eduard,Skipperbottom,eskipperbottomqv@miitbeian.gov.cn,Male,239.88.246.52
969,Lacy,Monteath,lmonteathqw@squarespace.com,Female,89.242.54.197
970,Lanni,Yabsley,lyabsleyqx@uol.com.br,Female,169.77.191.70
971,Sibilla,Meiklem,smeiklemqy@ucoz.com,Female,117.206.46.96
972,Hermie,Nice,hniceqz@fastcompany.com,Male,216.95.39.133
973,Jacinta,Overil,joverilr0@kickstarter.com,Bigender,177.175.180.98
974,Dareen,Becks,dbecksr1@timesonline.co.uk,Genderqueer,14.145.123.210
975,Stace,Buncombe,sbuncomber2@xinhuanet.com,Female,8.5.19.16
976,Mandi,Yanuk,myanukr3@yahoo.co.jp,Female,44.202.102.29
977,Berne,Galgey,bgalgeyr4@usnews.com,Male,181.229.89.222
978,Bernie,Gresly,bgreslyr5@behance.net,Female,6.160.13.38
979,Gigi,Edmonson,gedmonsonr6@zdnet.com,Female,11.61.183.38
980,Jolynn,Abdey,jabdeyr7@t.co,Female,22.125.253.176
981,Diena,Snawden,dsnawdenr8@angelfire.com,Female,153.234.10.99
982,Cly,Bailey,cbaileyr9@networksolutions.com,Male,39.178.239.88
983,Lemmy,Copley,lcopleyra@homestead.com,Male,20.123.47.93
984,Sydney,Jansa,sjansarb@samsung.com,Female,172.215.41.244
985,April,Goodsal,agoodsalrc@cargocollective.com,Female,118.4.209.5
986,Vasili,Lyenyng,vlyenyngrd@mozilla.org,Male,244.114.111.31
987,Brewster,Heyburn,bheyburnre@ed.gov,Male,210.247.68.191
988,Stanford,Compson,scompsonrf@state.tx.us,Male,163.252.57.64
989,Rafferty,Priddey,rpriddeyrg@amazon.de,Male,194.214.26.74
990,Rosella,Cosins,rcosinsrh@patch.com,Female,157.200.23.122
991,Tabbie,Lippard,tlippardri@howstuffworks.com,Male,66.25.45.204
992,Si,Coger,scogerrj@a8.net,Male,15.24.163.96
993,Darsie,Overlow,doverlowrk@google.com.au,Female,235.45.28.85
994,Rebekkah,Gillies,rgilliesrl@miitbeian.gov.cn,Female,186.230.212.59
995,Wynnie,McQuarter,wmcquarterrm@usa.gov,Female,136.131.212.173
996,Gayel,Denk,gdenkrn@jugem.jp,Female,145.165.80.55
997,Hagen,Spohrmann,hspohrmannro@xinhuanet.com,Male,253.177.225.227
998,Carleton,Jedrachowicz,cjedrachowiczrp@topsy.com,Male,126.241.150.193
999,Ddene,Brome,dbromerq@admin.ch,Female,141.100.75.162
1000,Ealasaid,Cunnington,ecunningtonrr@forbes.com,Female,24.175.35.218
